lag_days,corr
-30,0.010966657700524018
-29,0.023116162002918432
-28,0.00037340340701469703
-27,0.007457312969370023
-26,0.01767894889322049
-25,0.0029883392378786565
-24,-0.02902384443151064
-23,-0.00019254527045868642
-22,-0.013621882586647004
-21,-0.024638151931185757
-20,-3.1068024659384227e-06
-19,-0.024742606028867013
-18,0.011882873163576337
-17,-0.008057317667709105
-16,0.01258810081421941
-15,0.015790886571438095
-14,0.0207012641597295
-13,0.0243556177170076
-12,-0.010767636201694852
-11,0.039541577160695986
-10,-0.010064684416684741
-9,0.00861678190091079
-8,-0.023880614280801685
-7,0.004271950673866311
-6,0.001441962487736992
-5,0.0014139919907703263
-4,-0.0070972827970782314
-3,0.011624596531207877
-2,-0.03551317589379312
-1,-0.013887203736911734
0,-0.1500695297880949
1,-0.026309212713859848
2,0.0029524382497273668
3,-0.0030779701469488495
4,0.007695370854067518
5,-0.0015657064892368035
6,-0.024527187104547463
7,-0.01931525158583233
8,-0.003774319675160103
9,0.02161718377683214
10,0.006851448220641696
11,-0.011779818276845619
12,-0.0082861254037946
13,0.0029170579890564854
14,-0.037889438616830605
15,-0.013292702517392535
16,-0.023898177683764524
17,-0.010994161188141834
18,-0.001993891367832197
19,-0.0395339859276696
20,-0.00842324531435115
21,-0.006677485179075016
22,0.017116826980195367
23,-0.013408666496282152
24,-0.023567103416748135
25,-0.009313039053004917
26,0.00926944241763632
27,0.0027967402501206692
28,-0.015393999634200253
29,-0.050080807431202946
30,0.002042722611800908
