cagr,vol_ann,sharpe,max_dd,win_rate,n_days,strategy,hold_days
0.0035703022365007886,0.014982242953599697,0.24533249566498302,-0.04338776787570153,0.012788521522145976,3206.0,A_event_hold1,1
0.0034762636004319614,0.015079360299716595,0.23763432254421,-0.03949802657967749,0.015283842794759825,3206.0,B_event_regime_hold10,10
0.0049630517919692085,0.022984887308528493,0.2267887429793628,-0.06372373003162624,0.014036182158452901,3206.0,C_cs_spread_hold1,1
0.00337549779983104,0.020500046369502287,0.17459886291992244,-0.07452111998861433,0.023081721771678103,3206.0,A_event_hold3,3
-0.0003597438530174024,0.006521723933963745,-0.05190610887702595,-0.02548019814120539,0.0031191515907673115,3206.0,B_event_regime_hold1,1
-0.002103198922979055,0.025104282989884683,-0.07133350245534358,-0.13016383722739744,0.032439176543980035,3206.0,A_event_hold5,5
-0.0045327393325022,0.029417715038688046,-0.13978617679466848,-0.16520973984463405,0.023705552089831567,3206.0,C_cs_spread_hold3,3
-0.006534803646412124,0.03654893978590907,-0.16111106794348898,-0.1488334733361506,0.06331877729257641,3206.0,A_event_hold10,10
-0.0017012383751262572,0.00837215796966917,-0.1991846538905547,-0.0345998078877342,0.004990642545227698,3206.0,B_event_regime_hold3,3
-0.0022593736720366575,0.010002890202825118,-0.22112304969263552,-0.033116777994584234,0.007485963817841547,3206.0,B_event_regime_hold5,5
-0.009562436470317515,0.034543210396590536,-0.26092362098339883,-0.19521586670523783,0.03462258265751716,3206.0,C_cs_spread_hold5,5
-0.024869995090393893,0.04805566107486244,-0.5001174281929018,-0.3144027456724279,0.05988771054273238,3206.0,C_cs_spread_hold10,10
